"Estojo Porta Alicate, Sheila, Sortido","R$2
49",Amazon,9,11,2023
"Estojo Vision Preto em Polipropileno com Gravação Vision, DAC, Estojo Vision Preto em Polipropileno com gravação vision 2356PR, Preto","R$2
99",Amazon,9,11,2023
Caneta Marca Texto Faber-Castell Grifpen Rosa Pastel,"R$10
00",Amazon,9,11,2023
"Marca Texto Blister, CIS, Lumini Pastel 56.9905, Rosa","R$4
12",Amazon,9,11,2023
"Conjunto Para Desenho 1 Grau 1 E 2 Grau C/05 Pecas Flexivel - Blister com 1 Unidade, Dello, 8700H.0050, Multicor","R$4
33",Amazon,9,11,2023
"Estojo Plastico Plus Azul Pastel, Waleu, 10080028, Azul","R$6
12",Amazon,9,11,2023
CARTELA GRIP 2001 TWO TONE - AZUL,"R$4
70",Amazon,9,11,2023
CARTELA GRIP 2001 TWO TONE - ROSA,"R$4
70",Amazon,9,11,2023
"Giz De Cera Fino - 12 Cores - Tris, Multicor","R$10
90",Amazon,9,11,2023
"Bloco Adesivo Para Recado Fluorescente 38x50 C/ 100 Folhas Leonora, Colorido","R$12
37",Amazon,9,11,2023
"Cola em Bastão Pritt, ideal para escola ou escritório, Cola para artesanato excelente para trabalhos de colagens, Cola escolar segura para crianças, 1x10g",Mais vendido,Amazon,9,11,2023
Porta Hastes Estojo Sta Clara Transp 5036,"R$5
00",Amazon,9,11,2023
Estojo Para Pesca Organizador Rosa Lady Box 3202 Arqplast,"R$5
00",Amazon,9,11,2023
"GZBABY estojo para lápis, organizador de artigos de papelaria com afia de lápis incorporada, porta-lápis de 2 níveis para escritório em casa (azul)","R$5
06",Amazon,9,11,2023
"CIS Spot Color - Borracha Escolar, Multicor, Blister com 2 unidades","R$5
08",Amazon,9,11,2023
"GZBABY Caixa de papelaria Estojo de plástico de 2 camadas, caixa de armazenamento de papelaria com apontador de lápis, porta canetas para escritório escolar (rosa)","R$5
09",Amazon,9,11,2023
"Waleu Plastico Plus - Estojo, Azul","R$8
99",Amazon,9,11,2023
"Estojo Plastico Plus Rosa Waleu, Multicor","R$8
67",Amazon,9,11,2023
"Waleu Plastico Plus - Estojo, Rosa","R$7
72",Amazon,9,11,2023
Kit Mochila Escolar Com Rodinhas Unicórnio Lancheira Estojo,"R$299
99",Amazon,9,11,2023
"Bolsa de cosméticos com estojo telescópico para alunos da escola, escritório, adolescentes, meninas, meninos (rosa)(Rosa)","R$98
00",Amazon,9,11,2023
Jethrora Grande estojo de lápis para meninas meninos escola estética zíper lápis bolsas bonito kawaii lápis caso organizador saco para juniores elementares,"R$67
99",Amazon,9,11,2023
Estojo para Protetor de Boca Zona Livre - Preto,"R$5
40",Amazon,9,11,2023
"Tramontina 25900/144, Tesoura Escolar, sem Ponta 4 Pol 10 cm, Multicor","R$21
30",Amazon,9,11,2023
GIZ ESCOLAR COLORIDO COMUM 64PCS,"R$12
90",Amazon,9,11,2023
"Faber-Castell SM/187129 - Borracha Dust Free, Branca","R$5
77",Amazon,9,11,2023
Caneta esferográfica 0.8 rosa ICE 061 Faber-Castell,"R$5
95",Amazon,9,11,2023
"Cola Gliter com 6 Cores, Leonora, Colorido, 25g","R$5
99",Amazon,9,11,2023
1 unidade estojo veludo para aliança - 2 Cortes H,"R$6
00",Amazon,9,11,2023
"Estojo para Higiene Baby Princess, Plasútil, Azul","R$6
24",Amazon,9,11,2023
Estojo Plus Amarelo Neon,"R$6
26",Amazon,9,11,2023
"Radex TGG-15-06, Tinta Guache, 015 ml, 06 Cores Estojo, Multicor","R$6
28",Amazon,9,11,2023
Utiguti Massa de Modelar Soft Estojo com 12 Cores 180G,"R$9
49",Amazon,9,11,2023
"Necessaire Ariel Pvc, Disney, DTXS9040-PS3-D, Rosa","R$6
80",Amazon,9,11,2023
"Lápis Sextavado Super Eco, Faber Castell 11.1200N, Multicor","R$9
55",Amazon,9,11,2023
"Combo Infantil com 3 Escovas, Kess, Multicor","R$6
99",Amazon,9,11,2023
"Estojo Escolar Teen Box, Para Fichário, Furação Universal, Plástico, Acrimet, Cor Lilás","R$7
10",Amazon,9,11,2023
"Planeta Brinquedos Sanduicheira de Plástico, Cor Rosa, Linha Fit, Sanremo, SR684/1","R$15
75",Amazon,9,11,2023
Estojo Para Higiene Mickey Baby Plasútil Azul,"R$7
25",Amazon,9,11,2023
"Conjunto para Desenho 1 grau x 4 unidades, Waleu 10130001, Multicor","R$6
41",Amazon,9,11,2023
"Estojo Escolar Teen Box, Para Fichário, Furação Universal, Plástico, Acrimet, Cor Fumê","R$7
31",Amazon,9,11,2023
"EcoLápis de Cor Multicolor, Tons Pastel, 11.1000NP, Estojo com 10 Cores","R$11
79",Amazon,9,11,2023
"Borracha Branca, Faber-Castell, Dust Free, SM/187137, 2 Unidades",Mais vendido,Amazon,9,11,2023
Estojo Jeans Azul Grande Waleu Waleu,"R$7
86",Amazon,9,11,2023
